Model,TOPSIS Score,Rank
PEGASUS,0.6827197402941121,1
BART,0.4188820106589763,2
T5,0.9374720627208009,3
GPT-3.5,0.0,4
